[
  {
    "_id": "61d286b42c1587572aacbcc9",
    "key": "B002RL8IYK",
    "category": "woman",
    "name": "IELGY woman long-sleeved all-match Korean version chiffon fashion printed casual waist dress",
    "star": 3,
    "img": "https://static-01.daraz.com.bd/p/339027e34ee8edabb0ddcdbe85df2177.jpg",
    "price": 68.36,
    "shipping": 7.99,
    "des": "amet consectetur adipisicing elit. Inventore voluptate ab est odio iure facilis assumenda eos similique, ducimus deserunt fugit totam mollitia, blanditiis id molestias a vero laudantium omnis qui iste. Dolorum voluptates officiis earum rerum minima ex quia temporibus ea officia deleniti velit a voluptatem adipisci debitis ducimus sunt similique error quis, maiores exercitationem. Corrupti amet autem corporis voluptas eveniet, provident ullam debitis facere optio iste nesciunt et perspiciatis eius ipsam tempora non reprehenderit tempore atque unde iure culpa ipsa molestiae voluptate.",
    "des2": "amet consectetur adipisicing elit. Inventore voluptate ab est odio iure facilis assumenda eos similique, ducimus deserunt fugit totam mollitia, blanditiis id molestias a vero laudantium omnis qui iste. Dolorum voluptates officiis earum rerum minima ex quia temporibus ea officia deleniti velit a voluptatem adipisci debitis ducimus sunt similique error quis, maiores exercitationem. Corrupti amet autem corporis voluptas eveniet, provident ullam debitis facere optio iste nesciunt et perspiciatis eius ipsam tempora non reprehenderit tempore atque unde iure culpa ipsa molestiae voluptate. Recusandae consequatur beatae rerum iusto magni, explicabo quo, id dignissimos cum excepturi ipsa eos voluptatum aspernatur. Quasi fuga ratione nam nulla omnis ipsum sit placeat corporis molestias autem."
  },
  {
    "_id": "61d286b42c1587572aacbcca",
    "key": "B01LZ2WZGH",
    "category": "woman",
    "name": "IELGY woman long-sleeved all-match Korean version chiffon fashion printed casual waist dress",
    "star": 2,
    "img": "https://static-01.daraz.com.bd/p/d97f13d67f154d85ebdd2c9632df34d3.jpg",
    "price": 169.88,
    "shipping": 3.99,
    "des": "amet consectetur adipisicing elit. Inventore voluptate ab est odio iure facilis assumenda eos similique, ducimus deserunt fugit totam mollitia, blanditiis id molestias a vero laudantium omnis qui iste. Dolorum voluptates officiis earum rerum minima ex quia temporibus ea officia deleniti velit a voluptatem adipisci debitis ducimus sunt similique error quis, maiores exercitationem. Corrupti amet autem corporis voluptas eveniet, provident ullam debitis facere optio iste nesciunt et perspiciatis eius ipsam tempora non reprehenderit tempore atque unde iure culpa ipsa molestiae voluptate.",
    "des2": "amet consectetur adipisicing elit. Inventore voluptate ab est odio iure facilis assumenda eos similique, ducimus deserunt fugit totam mollitia, blanditiis id molestias a vero laudantium omnis qui iste. Dolorum voluptates officiis earum rerum minima ex quia temporibus ea officia deleniti velit a voluptatem adipisci debitis ducimus sunt similique error quis, maiores exercitationem. Corrupti amet autem corporis voluptas eveniet, provident ullam debitis facere optio iste nesciunt et perspiciatis eius ipsam tempora non reprehenderit tempore atque unde iure culpa ipsa molestiae voluptate. Recusandae consequatur beatae rerum iusto magni, explicabo quo, id dignissimos cum excepturi ipsa eos voluptatum aspernatur. Quasi fuga ratione nam nulla omnis ipsum sit placeat corporis molestias autem."
  },
  {
    "_id": "61d286b42c1587572aacbccb",
    "key": "B01K1IO3QW",
    "category": "woman",
    "name": "Unstitched Joypuri Cotton Skin Print Shalwar Kameez for Women",
    "star": 3,
    "img": "https://static-01.daraz.com.bd/p/mdc/71eba7813d66464f763f07bb4e0babba.jpg",
    "price": 349.99,
    "shipping": 3.99,
    "des": "amet consectetur adipisicing elit. Inventore voluptate ab est odio iure facilis assumenda eos similique, ducimus deserunt fugit totam mollitia, blanditiis id molestias a vero laudantium omnis qui iste. Dolorum voluptates officiis earum rerum minima ex quia temporibus ea officia deleniti velit a voluptatem adipisci debitis ducimus sunt similique error quis, maiores exercitationem. Corrupti amet autem corporis voluptas eveniet, provident ullam debitis facere optio iste nesciunt et perspiciatis eius ipsam tempora non reprehenderit tempore atque unde iure culpa ipsa molestiae voluptate.",
    "des2": "amet consectetur adipisicing elit. Inventore voluptate ab est odio iure facilis assumenda eos similique, ducimus deserunt fugit totam mollitia, blanditiis id molestias a vero laudantium omnis qui iste. Dolorum voluptates officiis earum rerum minima ex quia temporibus ea officia deleniti velit a voluptatem adipisci debitis ducimus sunt similique error quis, maiores exercitationem. Corrupti amet autem corporis voluptas eveniet, provident ullam debitis facere optio iste nesciunt et perspiciatis eius ipsam tempora non reprehenderit tempore atque unde iure culpa ipsa molestiae voluptate. Recusandae consequatur beatae rerum iusto magni, explicabo quo, id dignissimos cum excepturi ipsa eos voluptatum aspernatur. Quasi fuga ratione nam nulla omnis ipsum sit placeat corporis molestias autem."
  },
  {
    "_id": "61d286b42c1587572aacbccc",
    "key": "B01LD4MGY4",
    "category": "woman",
    "name": "Exclusive Unstitched Uncommon Screen Printed Cotton Salwar Kameez",
    "star": 4,
    "img": "https://static-01.daraz.com.bd/p/mdc/6931c2f1cb3ca5eb14cc3390e35a2bf6.jpg",
    "price": 579.99,
    "shipping": 7.99,
    "des": "amet consectetur adipisicing elit. Inventore voluptate ab est odio iure facilis assumenda eos similique, ducimus deserunt fugit totam mollitia, blanditiis id molestias a vero laudantium omnis qui iste. Dolorum voluptates officiis earum rerum minima ex quia temporibus ea officia deleniti velit a voluptatem adipisci debitis ducimus sunt similique error quis, maiores exercitationem. Corrupti amet autem corporis voluptas eveniet, provident ullam debitis facere optio iste nesciunt et perspiciatis eius ipsam tempora non reprehenderit tempore atque unde iure culpa ipsa molestiae voluptate.",
    "des2": "amet consectetur adipisicing elit. Inventore voluptate ab est odio iure facilis assumenda eos similique, ducimus deserunt fugit totam mollitia, blanditiis id molestias a vero laudantium omnis qui iste. Dolorum voluptates officiis earum rerum minima ex quia temporibus ea officia deleniti velit a voluptatem adipisci debitis ducimus sunt similique error quis, maiores exercitationem. Corrupti amet autem corporis voluptas eveniet, provident ullam debitis facere optio iste nesciunt et perspiciatis eius ipsam tempora non reprehenderit tempore atque unde iure culpa ipsa molestiae voluptate. Recusandae consequatur beatae rerum iusto magni, explicabo quo, id dignissimos cum excepturi ipsa eos voluptatum aspernatur. Quasi fuga ratione nam nulla omnis ipsum sit placeat corporis molestias autem."
  },
  {
    "_id": "61d286b42c1587572aacbccd",
    "key": "B01M18UZF5",
    "category": "woman",
    "name": "New Exclusive long kurti, deferent kurti, China Lilen clothes, long 1 piece Kurtis For Women/Girls",
    "star": 4,
    "img": "https://static-01.daraz.com.bd/p/3926894b8e65d33e971b2f3f2b035201.jpg",
    "price": 699,
    "shipping": 3.99,
    "des": "amet consectetur adipisicing elit. Inventore voluptate ab est odio iure facilis assumenda eos similique, ducimus deserunt fugit totam mollitia, blanditiis id molestias a vero laudantium omnis qui iste. Dolorum voluptates officiis earum rerum minima ex quia temporibus ea officia deleniti velit a voluptatem adipisci debitis ducimus sunt similique error quis, maiores exercitationem. Corrupti amet autem corporis voluptas eveniet, provident ullam debitis facere optio iste nesciunt et perspiciatis eius ipsam tempora non reprehenderit tempore atque unde iure culpa ipsa molestiae voluptate.",
    "des2": "amet consectetur adipisicing elit. Inventore voluptate ab est odio iure facilis assumenda eos similique, ducimus deserunt fugit totam mollitia, blanditiis id molestias a vero laudantium omnis qui iste. Dolorum voluptates officiis earum rerum minima ex quia temporibus ea officia deleniti velit a voluptatem adipisci debitis ducimus sunt similique error quis, maiores exercitationem. Corrupti amet autem corporis voluptas eveniet, provident ullam debitis facere optio iste nesciunt et perspiciatis eius ipsam tempora non reprehenderit tempore atque unde iure culpa ipsa molestiae voluptate. Recusandae consequatur beatae rerum iusto magni, explicabo quo, id dignissimos cum excepturi ipsa eos voluptatum aspernatur. Quasi fuga ratione nam nulla omnis ipsum sit placeat corporis molestias autem."
  },
  {
    "_id": "61d286b42c1587572aacbcce",
    "key": "B01DBGVB7K",
    "category": "woman",
    "name": "High Quality Unstitched Cotton Block Print Three Piece For Women",
    "star": 4,
    "img": "https://static-01.daraz.com.bd/p/5dc7b2540ef7deed3da18234a0e4ff21.jpg",
    "price": 220.49,
    "shipping": 3.99,
    "des": "amet consectetur adipisicing elit. Inventore voluptate ab est odio iure facilis assumenda eos similique, ducimus deserunt fugit totam mollitia, blanditiis id molestias a vero laudantium omnis qui iste. Dolorum voluptates officiis earum rerum minima ex quia temporibus ea officia deleniti velit a voluptatem adipisci debitis ducimus sunt similique error quis, maiores exercitationem. Corrupti amet autem corporis voluptas eveniet, provident ullam debitis facere optio iste nesciunt et perspiciatis eius ipsam tempora non reprehenderit tempore atque unde iure culpa ipsa molestiae voluptate.",
    "des2": "amet consectetur adipisicing elit. Inventore voluptate ab est odio iure facilis assumenda eos similique, ducimus deserunt fugit totam mollitia, blanditiis id molestias a vero laudantium omnis qui iste. Dolorum voluptates officiis earum rerum minima ex quia temporibus ea officia deleniti velit a voluptatem adipisci debitis ducimus sunt similique error quis, maiores exercitationem. Corrupti amet autem corporis voluptas eveniet, provident ullam debitis facere optio iste nesciunt et perspiciatis eius ipsam tempora non reprehenderit tempore atque unde iure culpa ipsa molestiae voluptate. Recusandae consequatur beatae rerum iusto magni, explicabo quo, id dignissimos cum excepturi ipsa eos voluptatum aspernatur. Quasi fuga ratione nam nulla omnis ipsum sit placeat corporis molestias autem."
  },
  {
    "_id": "61d286b42c1587572aacbccf",
    "key": "B015WXL0C6",
    "category": "woman",
    "name": "Eid special Unstitched Afsan Print Glorious Design High quality fabric, stylish design, and comfortable salwar Kamiz {Three Piece}",
    "star": 4,
    "img": "https://static-01.daraz.com.bd/p/7c196db62790ce69c7dfe803001991d4.jpg",
    "price": 848.99,
    "shipping": 7.99,
    "des": "amet consectetur adipisicing elit. Inventore voluptate ab est odio iure facilis assumenda eos similique, ducimus deserunt fugit totam mollitia, blanditiis id molestias a vero laudantium omnis qui iste. Dolorum voluptates officiis earum rerum minima ex quia temporibus ea officia deleniti velit a voluptatem adipisci debitis ducimus sunt similique error quis, maiores exercitationem. Corrupti amet autem corporis voluptas eveniet, provident ullam debitis facere optio iste nesciunt et perspiciatis eius ipsam tempora non reprehenderit tempore atque unde iure culpa ipsa molestiae voluptate.",
    "des2": "amet consectetur adipisicing elit. Inventore voluptate ab est odio iure facilis assumenda eos similique, ducimus deserunt fugit totam mollitia, blanditiis id molestias a vero laudantium omnis qui iste. Dolorum voluptates officiis earum rerum minima ex quia temporibus ea officia deleniti velit a voluptatem adipisci debitis ducimus sunt similique error quis, maiores exercitationem. Corrupti amet autem corporis voluptas eveniet, provident ullam debitis facere optio iste nesciunt et perspiciatis eius ipsam tempora non reprehenderit tempore atque unde iure culpa ipsa molestiae voluptate. Recusandae consequatur beatae rerum iusto magni, explicabo quo, id dignissimos cum excepturi ipsa eos voluptatum aspernatur. Quasi fuga ratione nam nulla omnis ipsum sit placeat corporis molestias autem."
  },
  {
    "_id": "61d286b42c1587572aacbcd0",
    "key": "B06Y4GZS9C",
    "category": "woman",
    "name": "EXCLUSIVE Skin print three pice(3 pice) for women",
    "star": 3,
    "starCount": 257,
    "img": "https://static-01.daraz.com.bd/p/f30c50782652d48fb1f365be1b1d7ad3.jpg",
    "price": 1,
    "shipping": 7.99,
    "des": "amet consectetur adipisicing elit. Inventore voluptate ab est odio iure facilis assumenda eos similique, ducimus deserunt fugit totam mollitia, blanditiis id molestias a vero laudantium omnis qui iste. Dolorum voluptates officiis earum rerum minima ex quia temporibus ea officia deleniti velit a voluptatem adipisci debitis ducimus sunt similique error quis, maiores exercitationem. Corrupti amet autem corporis voluptas eveniet, provident ullam debitis facere optio iste nesciunt et perspiciatis eius ipsam tempora non reprehenderit tempore atque unde iure culpa ipsa molestiae voluptate.",
    "des2": "amet consectetur adipisicing elit. Inventore voluptate ab est odio iure facilis assumenda eos similique, ducimus deserunt fugit totam mollitia, blanditiis id molestias a vero laudantium omnis qui iste. Dolorum voluptates officiis earum rerum minima ex quia temporibus ea officia deleniti velit a voluptatem adipisci debitis ducimus sunt similique error quis, maiores exercitationem. Corrupti amet autem corporis voluptas eveniet, provident ullam debitis facere optio iste nesciunt et perspiciatis eius ipsam tempora non reprehenderit tempore atque unde iure culpa ipsa molestiae voluptate. Recusandae consequatur beatae rerum iusto magni, explicabo quo, id dignissimos cum excepturi ipsa eos voluptatum aspernatur. Quasi fuga ratione nam nulla omnis ipsum sit placeat corporis molestias autem."
  },
  {
    "_id": "61d286b42c1587572aacbcd1",
    "key": "B06XJJG4PD",
    "category": "woman",
    "name": "Unstitched Cotton Screen Printed Salwar Kameez for Women",
    "star": 3,
    "img": "https://static-01.daraz.com.bd/p/09b4b7ec4bfa8527b0a98d7df732692b.jpg",
    "price": 499,
    "shipping": 7.99,
    "des": "amet consectetur adipisicing elit. Inventore voluptate ab est odio iure facilis assumenda eos similique, ducimus deserunt fugit totam mollitia, blanditiis id molestias a vero laudantium omnis qui iste. Dolorum voluptates officiis earum rerum minima ex quia temporibus ea officia deleniti velit a voluptatem adipisci debitis ducimus sunt similique error quis, maiores exercitationem. Corrupti amet autem corporis voluptas eveniet, provident ullam debitis facere optio iste nesciunt et perspiciatis eius ipsam tempora non reprehenderit tempore atque unde iure culpa ipsa molestiae voluptate.",
    "des2": "amet consectetur adipisicing elit. Inventore voluptate ab est odio iure facilis assumenda eos similique, ducimus deserunt fugit totam mollitia, blanditiis id molestias a vero laudantium omnis qui iste. Dolorum voluptates officiis earum rerum minima ex quia temporibus ea officia deleniti velit a voluptatem adipisci debitis ducimus sunt similique error quis, maiores exercitationem. Corrupti amet autem corporis voluptas eveniet, provident ullam debitis facere optio iste nesciunt et perspiciatis eius ipsam tempora non reprehenderit tempore atque unde iure culpa ipsa molestiae voluptate. Recusandae consequatur beatae rerum iusto magni, explicabo quo, id dignissimos cum excepturi ipsa eos voluptatum aspernatur. Quasi fuga ratione nam nulla omnis ipsum sit placeat corporis molestias autem."
  },
  {
    "_id": "61d286b42c1587572aacbcd2",
    "key": "B01NBE6Y5D",
    "category": "woman",
    "name": "New Exclusive long kurti, deferent kurti, China Lilen clothes, long 1 piece Kurtis For Women/Girls",
    "star": 3,
    "img": "https://static-01.daraz.com.bd/p/b56ff25e9943a8b150a6b2a2a2bc5ba3.jpg",
    "price": 247.98,
    "shipping": 7.99,
    "des": "amet consectetur adipisicing elit. Inventore voluptate ab est odio iure facilis assumenda eos similique, ducimus deserunt fugit totam mollitia, blanditiis id molestias a vero laudantium omnis qui iste. Dolorum voluptates officiis earum rerum minima ex quia temporibus ea officia deleniti velit a voluptatem adipisci debitis ducimus sunt similique error quis, maiores exercitationem. Corrupti amet autem corporis voluptas eveniet, provident ullam debitis facere optio iste nesciunt et perspiciatis eius ipsam tempora non reprehenderit tempore atque unde iure culpa ipsa molestiae voluptate.",
    "des2": "amet consectetur adipisicing elit. Inventore voluptate ab est odio iure facilis assumenda eos similique, ducimus deserunt fugit totam mollitia, blanditiis id molestias a vero laudantium omnis qui iste. Dolorum voluptates officiis earum rerum minima ex quia temporibus ea officia deleniti velit a voluptatem adipisci debitis ducimus sunt similique error quis, maiores exercitationem. Corrupti amet autem corporis voluptas eveniet, provident ullam debitis facere optio iste nesciunt et perspiciatis eius ipsam tempora non reprehenderit tempore atque unde iure culpa ipsa molestiae voluptate. Recusandae consequatur beatae rerum iusto magni, explicabo quo, id dignissimos cum excepturi ipsa eos voluptatum aspernatur. Quasi fuga ratione nam nulla omnis ipsum sit placeat corporis molestias autem."
  },
  {
    "_id": "61d286b42c1587572aacbcd3",
    "key": "B01J42JPJG",
    "category": "woman",
    "name": "Embroidery Work New Exclusive long kurti, deferent kurti, China Lilen clothes, long 1 piece Kurtis For Women/Girls",
    "star": 4,
    "img": "https://static-01.daraz.com.bd/p/cfe7272f2c9edb2efa0a88515e4676a0.jpg",
    "price": 279.99,
    "shipping": 3.99,
    "des": "amet consectetur adipisicing elit. Inventore voluptate ab est odio iure facilis assumenda eos similique, ducimus deserunt fugit totam mollitia, blanditiis id molestias a vero laudantium omnis qui iste. Dolorum voluptates officiis earum rerum minima ex quia temporibus ea officia deleniti velit a voluptatem adipisci debitis ducimus sunt similique error quis, maiores exercitationem. Corrupti amet autem corporis voluptas eveniet, provident ullam debitis facere optio iste nesciunt et perspiciatis eius ipsam tempora non reprehenderit tempore atque unde iure culpa ipsa molestiae voluptate.",
    "des2": "amet consectetur adipisicing elit. Inventore voluptate ab est odio iure facilis assumenda eos similique, ducimus deserunt fugit totam mollitia, blanditiis id molestias a vero laudantium omnis qui iste. Dolorum voluptates officiis earum rerum minima ex quia temporibus ea officia deleniti velit a voluptatem adipisci debitis ducimus sunt similique error quis, maiores exercitationem. Corrupti amet autem corporis voluptas eveniet, provident ullam debitis facere optio iste nesciunt et perspiciatis eius ipsam tempora non reprehenderit tempore atque unde iure culpa ipsa molestiae voluptate. Recusandae consequatur beatae rerum iusto magni, explicabo quo, id dignissimos cum excepturi ipsa eos voluptatum aspernatur. Quasi fuga ratione nam nulla omnis ipsum sit placeat corporis molestias autem."
  },
  {
    "_id": "61d286b42c1587572aacbcd4",
    "key": "B01F4ZG68A",
    "category": "woman",
    "name": "New Exclusive long kurti, deferent kurti, China Lilen clothes, long 1 piece Kurtis For Women/Girls",
    "star": 3,
    "img": "https://static-01.daraz.com.bd/p/3926894b8e65d33e971b2f3f2b035201.jpg",
    "price": 212.33,
    "shipping": 7.99,
    "des": "amet consectetur adipisicing elit. Inventore voluptate ab est odio iure facilis assumenda eos similique, ducimus deserunt fugit totam mollitia, blanditiis id molestias a vero laudantium omnis qui iste. Dolorum voluptates officiis earum rerum minima ex quia temporibus ea officia deleniti velit a voluptatem adipisci debitis ducimus sunt similique error quis, maiores exercitationem. Corrupti amet autem corporis voluptas eveniet, provident ullam debitis facere optio iste nesciunt et perspiciatis eius ipsam tempora non reprehenderit tempore atque unde iure culpa ipsa molestiae voluptate.",
    "des2": "amet consectetur adipisicing elit. Inventore voluptate ab est odio iure facilis assumenda eos similique, ducimus deserunt fugit totam mollitia, blanditiis id molestias a vero laudantium omnis qui iste. Dolorum voluptates officiis earum rerum minima ex quia temporibus ea officia deleniti velit a voluptatem adipisci debitis ducimus sunt similique error quis, maiores exercitationem. Corrupti amet autem corporis voluptas eveniet, provident ullam debitis facere optio iste nesciunt et perspiciatis eius ipsam tempora non reprehenderit tempore atque unde iure culpa ipsa molestiae voluptate. Recusandae consequatur beatae rerum iusto magni, explicabo quo, id dignissimos cum excepturi ipsa eos voluptatum aspernatur. Quasi fuga ratione nam nulla omnis ipsum sit placeat corporis molestias autem."
  },
  {
    "_id": "61d286b42c1587572aacbcd5",
    "key": "B01D27ERMO",
    "category": "woman",
    "name": "New Exclusive long kurti, deferent kurti, China Lilen clothes, long 1 piece Kurtis For Women/Girls",
    "star": 3,
    "img": "https://static-01.daraz.com.bd/p/98f67ba99e31398a8f77a4f5b809b632.jpg",
    "price": 498.94,
    "shipping": 3.99,
    "des": "amet consectetur adipisicing elit. Inventore voluptate ab est odio iure facilis assumenda eos similique, ducimus deserunt fugit totam mollitia, blanditiis id molestias a vero laudantium omnis qui iste. Dolorum voluptates officiis earum rerum minima ex quia temporibus ea officia deleniti velit a voluptatem adipisci debitis ducimus sunt similique error quis, maiores exercitationem. Corrupti amet autem corporis voluptas eveniet, provident ullam debitis facere optio iste nesciunt et perspiciatis eius ipsam tempora non reprehenderit tempore atque unde iure culpa ipsa molestiae voluptate.",
    "des2": "amet consectetur adipisicing elit. Inventore voluptate ab est odio iure facilis assumenda eos similique, ducimus deserunt fugit totam mollitia, blanditiis id molestias a vero laudantium omnis qui iste. Dolorum voluptates officiis earum rerum minima ex quia temporibus ea officia deleniti velit a voluptatem adipisci debitis ducimus sunt similique error quis, maiores exercitationem. Corrupti amet autem corporis voluptas eveniet, provident ullam debitis facere optio iste nesciunt et perspiciatis eius ipsam tempora non reprehenderit tempore atque unde iure culpa ipsa molestiae voluptate. Recusandae consequatur beatae rerum iusto magni, explicabo quo, id dignissimos cum excepturi ipsa eos voluptatum aspernatur. Quasi fuga ratione nam nulla omnis ipsum sit placeat corporis molestias autem."
  },
  {
    "_id": "61d286b42c1587572aacbcd6",
    "key": "B06X6J2RLY",
    "category": "woman",
    "name": "New Exclusive long kurti, deferent kurti, China Lilen clothes, long 1 piece Kurtis For Women/Girls",
    "star": 4,
    "img": "https://static-01.daraz.com.bd/p/dd11b4f701364dcf4e3978d943f15402.jpg",
    "price": 287.94,
    "shipping": 7.99,
    "des": "amet consectetur adipisicing elit. Inventore voluptate ab est odio iure facilis assumenda eos similique, ducimus deserunt fugit totam mollitia, blanditiis id molestias a vero laudantium omnis qui iste. Dolorum voluptates officiis earum rerum minima ex quia temporibus ea officia deleniti velit a voluptatem adipisci debitis ducimus sunt similique error quis, maiores exercitationem. Corrupti amet autem corporis voluptas eveniet, provident ullam debitis facere optio iste nesciunt et perspiciatis eius ipsam tempora non reprehenderit tempore atque unde iure culpa ipsa molestiae voluptate.",
    "des2": "amet consectetur adipisicing elit. Inventore voluptate ab est odio iure facilis assumenda eos similique, ducimus deserunt fugit totam mollitia, blanditiis id molestias a vero laudantium omnis qui iste. Dolorum voluptates officiis earum rerum minima ex quia temporibus ea officia deleniti velit a voluptatem adipisci debitis ducimus sunt similique error quis, maiores exercitationem. Corrupti amet autem corporis voluptas eveniet, provident ullam debitis facere optio iste nesciunt et perspiciatis eius ipsam tempora non reprehenderit tempore atque unde iure culpa ipsa molestiae voluptate. Recusandae consequatur beatae rerum iusto magni, explicabo quo, id dignissimos cum excepturi ipsa eos voluptatum aspernatur. Quasi fuga ratione nam nulla omnis ipsum sit placeat corporis molestias autem."
  },
  {
    "_id": "61d286b42c1587572aacbcd7",
    "key": "B01N5G5PG2",
    "category": "woman",
    "name": "New Exclusive long kurti, deferent kurti, China Lilen clothes, long 1 piece Kurtis For Women/Girls",
    "star": 4,
    "img": "https://static-01.daraz.com.bd/p/c93e039cb5412062b73a4673856b7f22.jpg",
    "price": 499,
    "shipping": 0,
    "des": "amet consectetur adipisicing elit. Inventore voluptate ab est odio iure facilis assumenda eos similique, ducimus deserunt fugit totam mollitia, blanditiis id molestias a vero laudantium omnis qui iste. Dolorum voluptates officiis earum rerum minima ex quia temporibus ea officia deleniti velit a voluptatem adipisci debitis ducimus sunt similique error quis, maiores exercitationem. Corrupti amet autem corporis voluptas eveniet, provident ullam debitis facere optio iste nesciunt et perspiciatis eius ipsam tempora non reprehenderit tempore atque unde iure culpa ipsa molestiae voluptate.",
    "des2": "amet consectetur adipisicing elit. Inventore voluptate ab est odio iure facilis assumenda eos similique, ducimus deserunt fugit totam mollitia, blanditiis id molestias a vero laudantium omnis qui iste. Dolorum voluptates officiis earum rerum minima ex quia temporibus ea officia deleniti velit a voluptatem adipisci debitis ducimus sunt similique error quis, maiores exercitationem. Corrupti amet autem corporis voluptas eveniet, provident ullam debitis facere optio iste nesciunt et perspiciatis eius ipsam tempora non reprehenderit tempore atque unde iure culpa ipsa molestiae voluptate. Recusandae consequatur beatae rerum iusto magni, explicabo quo, id dignissimos cum excepturi ipsa eos voluptatum aspernatur. Quasi fuga ratione nam nulla omnis ipsum sit placeat corporis molestias autem."
  },
  {
    "_id": "61d286b42c1587572aacbcd8",
    "key": "B01LZ6XKS6",
    "category": "woman",
    "name": "New Exclusive long kurti, deferent kurti, China Lilen clothes, long 1 piece Kurtis For Women/Girls",
    "star": 4,
    "img": "https://static-01.daraz.com.bd/p/c93e039cb5412062b73a4673856b7f22.jpg",
    "price": 408.45,
    "shipping": 3.99,
    "des": "amet consectetur adipisicing elit. Inventore voluptate ab est odio iure facilis assumenda eos similique, ducimus deserunt fugit totam mollitia, blanditiis id molestias a vero laudantium omnis qui iste. Dolorum voluptates officiis earum rerum minima ex quia temporibus ea officia deleniti velit a voluptatem adipisci debitis ducimus sunt similique error quis, maiores exercitationem. Corrupti amet autem corporis voluptas eveniet, provident ullam debitis facere optio iste nesciunt et perspiciatis eius ipsam tempora non reprehenderit tempore atque unde iure culpa ipsa molestiae voluptate.",
    "des2": "amet consectetur adipisicing elit. Inventore voluptate ab est odio iure facilis assumenda eos similique, ducimus deserunt fugit totam mollitia, blanditiis id molestias a vero laudantium omnis qui iste. Dolorum voluptates officiis earum rerum minima ex quia temporibus ea officia deleniti velit a voluptatem adipisci debitis ducimus sunt similique error quis, maiores exercitationem. Corrupti amet autem corporis voluptas eveniet, provident ullam debitis facere optio iste nesciunt et perspiciatis eius ipsam tempora non reprehenderit tempore atque unde iure culpa ipsa molestiae voluptate. Recusandae consequatur beatae rerum iusto magni, explicabo quo, id dignissimos cum excepturi ipsa eos voluptatum aspernatur. Quasi fuga ratione nam nulla omnis ipsum sit placeat corporis molestias autem."
  },
  {
    "_id": "61d286b42c1587572aacbcd9",
    "key": "B06XFGF7SN",
    "category": "woman",
    "name": "Salwar Kameez",
    "star": 3,
    "img": "https://static-01.daraz.com.bd/p/b37fb4d5517c87e15adf832d6c9f9335.jpg",
    "price": 899.99,
    "shipping": 3.99,
    "des": "amet consectetur adipisicing elit. Inventore voluptate ab est odio iure facilis assumenda eos similique, ducimus deserunt fugit totam mollitia, blanditiis id molestias a vero laudantium omnis qui iste. Dolorum voluptates officiis earum rerum minima ex quia temporibus ea officia deleniti velit a voluptatem adipisci debitis ducimus sunt similique error quis, maiores exercitationem. Corrupti amet autem corporis voluptas eveniet, provident ullam debitis facere optio iste nesciunt et perspiciatis eius ipsam tempora non reprehenderit tempore atque unde iure culpa ipsa molestiae voluptate.",
    "des2": "amet consectetur adipisicing elit. Inventore voluptate ab est odio iure facilis assumenda eos similique, ducimus deserunt fugit totam mollitia, blanditiis id molestias a vero laudantium omnis qui iste. Dolorum voluptates officiis earum rerum minima ex quia temporibus ea officia deleniti velit a voluptatem adipisci debitis ducimus sunt similique error quis, maiores exercitationem. Corrupti amet autem corporis voluptas eveniet, provident ullam debitis facere optio iste nesciunt et perspiciatis eius ipsam tempora non reprehenderit tempore atque unde iure culpa ipsa molestiae voluptate. Recusandae consequatur beatae rerum iusto magni, explicabo quo, id dignissimos cum excepturi ipsa eos voluptatum aspernatur. Quasi fuga ratione nam nulla omnis ipsum sit placeat corporis molestias autem."
  },
  {
    "_id": "61d286b42c1587572aacbcda",
    "key": "B01LT692RK",
    "category": "woman",
    "name": "Maroon New Indian Georgette Long Gown 204",
    "star": 3,
    "img": "https://static-01.daraz.com.bd/p/mdc/80de84b41898702418e10e0a36a3abfe.jpg",
    "price": 199,
    "shipping": 3.99,
    "des": "amet consectetur adipisicing elit. Inventore voluptate ab est odio iure facilis assumenda eos similique, ducimus deserunt fugit totam mollitia, blanditiis id molestias a vero laudantium omnis qui iste. Dolorum voluptates officiis earum rerum minima ex quia temporibus ea officia deleniti velit a voluptatem adipisci debitis ducimus sunt similique error quis, maiores exercitationem. Corrupti amet autem corporis voluptas eveniet, provident ullam debitis facere optio iste nesciunt et perspiciatis eius ipsam tempora non reprehenderit tempore atque unde iure culpa ipsa molestiae voluptate.",
    "des2": "amet consectetur adipisicing elit. Inventore voluptate ab est odio iure facilis assumenda eos similique, ducimus deserunt fugit totam mollitia, blanditiis id molestias a vero laudantium omnis qui iste. Dolorum voluptates officiis earum rerum minima ex quia temporibus ea officia deleniti velit a voluptatem adipisci debitis ducimus sunt similique error quis, maiores exercitationem. Corrupti amet autem corporis voluptas eveniet, provident ullam debitis facere optio iste nesciunt et perspiciatis eius ipsam tempora non reprehenderit tempore atque unde iure culpa ipsa molestiae voluptate. Recusandae consequatur beatae rerum iusto magni, explicabo quo, id dignissimos cum excepturi ipsa eos voluptatum aspernatur. Quasi fuga ratione nam nulla omnis ipsum sit placeat corporis molestias autem."
  },
  {
    "_id": "61d286b42c1587572aacbcdb",
    "key": "B071LB1GG4",
    "category": "woman",
    "name": "Unstitched Afsan Screen Print Cotton Salwar Kameez for Women",
    "star": 4,
    "img": "https://static-01.daraz.com.bd/p/043e0970f773f7ddb70cef96dc83da80.jpg",
    "price": 549.99,
    "shipping": 0,
    "des": "amet consectetur adipisicing elit. Inventore voluptate ab est odio iure facilis assumenda eos similique, ducimus deserunt fugit totam mollitia, blanditiis id molestias a vero laudantium omnis qui iste. Dolorum voluptates officiis earum rerum minima ex quia temporibus ea officia deleniti velit a voluptatem adipisci debitis ducimus sunt similique error quis, maiores exercitationem. Corrupti amet autem corporis voluptas eveniet, provident ullam debitis facere optio iste nesciunt et perspiciatis eius ipsam tempora non reprehenderit tempore atque unde iure culpa ipsa molestiae voluptate.",
    "des2": "amet consectetur adipisicing elit. Inventore voluptate ab est odio iure facilis assumenda eos similique, ducimus deserunt fugit totam mollitia, blanditiis id molestias a vero laudantium omnis qui iste. Dolorum voluptates officiis earum rerum minima ex quia temporibus ea officia deleniti velit a voluptatem adipisci debitis ducimus sunt similique error quis, maiores exercitationem. Corrupti amet autem corporis voluptas eveniet, provident ullam debitis facere optio iste nesciunt et perspiciatis eius ipsam tempora non reprehenderit tempore atque unde iure culpa ipsa molestiae voluptate. Recusandae consequatur beatae rerum iusto magni, explicabo quo, id dignissimos cum excepturi ipsa eos voluptatum aspernatur. Quasi fuga ratione nam nulla omnis ipsum sit placeat corporis molestias autem."
  },
  {
    "_id": "61d286b42c1587572aacbcdc",
    "key": "B01CVOLVPA",
    "category": "woman",
    "name": "Unstitched Afsan Screen Print Cotton Salwar Kameez for Women",
    "star": 4,
    "img": "https://static-01.daraz.com.bd/p/14f559a4b092b96e7be740564a519ecf.jpg",
    "price": 294.98,
    "shipping": 7.99,
    "des": "amet consectetur adipisicing elit. Inventore voluptate ab est odio iure facilis assumenda eos similique, ducimus deserunt fugit totam mollitia, blanditiis id molestias a vero laudantium omnis qui iste. Dolorum voluptates officiis earum rerum minima ex quia temporibus ea officia deleniti velit a voluptatem adipisci debitis ducimus sunt similique error quis, maiores exercitationem. Corrupti amet autem corporis voluptas eveniet, provident ullam debitis facere optio iste nesciunt et perspiciatis eius ipsam tempora non reprehenderit tempore atque unde iure culpa ipsa molestiae voluptate.",
    "des2": "amet consectetur adipisicing elit. Inventore voluptate ab est odio iure facilis assumenda eos similique, ducimus deserunt fugit totam mollitia, blanditiis id molestias a vero laudantium omnis qui iste. Dolorum voluptates officiis earum rerum minima ex quia temporibus ea officia deleniti velit a voluptatem adipisci debitis ducimus sunt similique error quis, maiores exercitationem. Corrupti amet autem corporis voluptas eveniet, provident ullam debitis facere optio iste nesciunt et perspiciatis eius ipsam tempora non reprehenderit tempore atque unde iure culpa ipsa molestiae voluptate. Recusandae consequatur beatae rerum iusto magni, explicabo quo, id dignissimos cum excepturi ipsa eos voluptatum aspernatur. Quasi fuga ratione nam nulla omnis ipsum sit placeat corporis molestias autem."
  },
  {
    "_id": "61d286b42c1587572aacbcdd",
    "key": "B01EIUOSRS",
    "category": "woman",
    "name": "High Quality Unstitched Cotton Block Print Three Piece For Women",
    "star": 4,
    "img": "https://static-01.daraz.com.bd/p/668dd5253eec0485bd37fb7b2ba6837d.jpg",
    "price": 799.99,
    "shipping": 7.99,
    "des": "amet consectetur adipisicing elit. Inventore voluptate ab est odio iure facilis assumenda eos similique, ducimus deserunt fugit totam mollitia, blanditiis id molestias a vero laudantium omnis qui iste. Dolorum voluptates officiis earum rerum minima ex quia temporibus ea officia deleniti velit a voluptatem adipisci debitis ducimus sunt similique error quis, maiores exercitationem. Corrupti amet autem corporis voluptas eveniet, provident ullam debitis facere optio iste nesciunt et perspiciatis eius ipsam tempora non reprehenderit tempore atque unde iure culpa ipsa molestiae voluptate.",
    "des2": "amet consectetur adipisicing elit. Inventore voluptate ab est odio iure facilis assumenda eos similique, ducimus deserunt fugit totam mollitia, blanditiis id molestias a vero laudantium omnis qui iste. Dolorum voluptates officiis earum rerum minima ex quia temporibus ea officia deleniti velit a voluptatem adipisci debitis ducimus sunt similique error quis, maiores exercitationem. Corrupti amet autem corporis voluptas eveniet, provident ullam debitis facere optio iste nesciunt et perspiciatis eius ipsam tempora non reprehenderit tempore atque unde iure culpa ipsa molestiae voluptate. Recusandae consequatur beatae rerum iusto magni, explicabo quo, id dignissimos cum excepturi ipsa eos voluptatum aspernatur. Quasi fuga ratione nam nulla omnis ipsum sit placeat corporis molestias autem."
  },
  {
    "_id": "61d286b42c1587572aacbcde",
    "key": "B01JLCKP34",
    "category": "woman",
    "name": "Afsan Karchupi Unstitched Skin Print Cotton Three Piece Salwar Kamiz Dresses (3 Piece)",
    "star": 3,
    "img": "https://static-01.daraz.com.bd/p/e56ddd9f5f99ff8ccc313962e7efc9f5.jpg",
    "price": 219.99,
    "shipping": 7.99,
    "des": "amet consectetur adipisicing elit. Inventore voluptate ab est odio iure facilis assumenda eos similique, ducimus deserunt fugit totam mollitia, blanditiis id molestias a vero laudantium omnis qui iste. Dolorum voluptates officiis earum rerum minima ex quia temporibus ea officia deleniti velit a voluptatem adipisci debitis ducimus sunt similique error quis, maiores exercitationem. Corrupti amet autem corporis voluptas eveniet, provident ullam debitis facere optio iste nesciunt et perspiciatis eius ipsam tempora non reprehenderit tempore atque unde iure culpa ipsa molestiae voluptate.",
    "des2": "amet consectetur adipisicing elit. Inventore voluptate ab est odio iure facilis assumenda eos similique, ducimus deserunt fugit totam mollitia, blanditiis id molestias a vero laudantium omnis qui iste. Dolorum voluptates officiis earum rerum minima ex quia temporibus ea officia deleniti velit a voluptatem adipisci debitis ducimus sunt similique error quis, maiores exercitationem. Corrupti amet autem corporis voluptas eveniet, provident ullam debitis facere optio iste nesciunt et perspiciatis eius ipsam tempora non reprehenderit tempore atque unde iure culpa ipsa molestiae voluptate. Recusandae consequatur beatae rerum iusto magni, explicabo quo, id dignissimos cum excepturi ipsa eos voluptatum aspernatur. Quasi fuga ratione nam nulla omnis ipsum sit placeat corporis molestias autem."
  },
  {
    "_id": "61d286b42c1587572aacbcdf",
    "key": "B071SF41Y9",
    "category": "woman",
    "name": "Unstitched Cotton Screen Printed Salwar Kameez for Women",
    "star": 3,
    "img": "https://images-na.ssl-images-amazon.com/images/I/418g6Q3eTHL._AC_US218_.jpg",
    "price": 1,
    "shipping": 7.99,
    "des": "amet consectetur adipisicing elit. Inventore voluptate ab est odio iure facilis assumenda eos similique, ducimus deserunt fugit totam mollitia, blanditiis id molestias a vero laudantium omnis qui iste. Dolorum voluptates officiis earum rerum minima ex quia temporibus ea officia deleniti velit a voluptatem adipisci debitis ducimus sunt similique error quis, maiores exercitationem. Corrupti amet autem corporis voluptas eveniet, provident ullam debitis facere optio iste nesciunt et perspiciatis eius ipsam tempora non reprehenderit tempore atque unde iure culpa ipsa molestiae voluptate.",
    "des2": "amet consectetur adipisicing elit. Inventore voluptate ab est odio iure facilis assumenda eos similique, ducimus deserunt fugit totam mollitia, blanditiis id molestias a vero laudantium omnis qui iste. Dolorum voluptates officiis earum rerum minima ex quia temporibus ea officia deleniti velit a voluptatem adipisci debitis ducimus sunt similique error quis, maiores exercitationem. Corrupti amet autem corporis voluptas eveniet, provident ullam debitis facere optio iste nesciunt et perspiciatis eius ipsam tempora non reprehenderit tempore atque unde iure culpa ipsa molestiae voluptate. Recusandae consequatur beatae rerum iusto magni, explicabo quo, id dignissimos cum excepturi ipsa eos voluptatum aspernatur. Quasi fuga ratione nam nulla omnis ipsum sit placeat corporis molestias autem."
  },
  {
    "_id": "61d286b42c1587572aacbce0",
    "key": "B01N5P6TJW",
    "category": "woman",
    "name": "Unstitched High Quality Block Printed Cotton Salwar Kamiz 3 pic",
    "star": 3,
    "img": "https://static-01.daraz.com.bd/p/3a0ca486b7d73ff096142e7bc5ae1b8e.jpg",
    "price": 169,
    "shipping": 7.99,
    "des": "amet consectetur adipisicing elit. Inventore voluptate ab est odio iure facilis assumenda eos similique, ducimus deserunt fugit totam mollitia, blanditiis id molestias a vero laudantium omnis qui iste. Dolorum voluptates officiis earum rerum minima ex quia temporibus ea officia deleniti velit a voluptatem adipisci debitis ducimus sunt similique error quis, maiores exercitationem. Corrupti amet autem corporis voluptas eveniet, provident ullam debitis facere optio iste nesciunt et perspiciatis eius ipsam tempora non reprehenderit tempore atque unde iure culpa ipsa molestiae voluptate.",
    "des2": "amet consectetur adipisicing elit. Inventore voluptate ab est odio iure facilis assumenda eos similique, ducimus deserunt fugit totam mollitia, blanditiis id molestias a vero laudantium omnis qui iste. Dolorum voluptates officiis earum rerum minima ex quia temporibus ea officia deleniti velit a voluptatem adipisci debitis ducimus sunt similique error quis, maiores exercitationem. Corrupti amet autem corporis voluptas eveniet, provident ullam debitis facere optio iste nesciunt et perspiciatis eius ipsam tempora non reprehenderit tempore atque unde iure culpa ipsa molestiae voluptate. Recusandae consequatur beatae rerum iusto magni, explicabo quo, id dignissimos cum excepturi ipsa eos voluptatum aspernatur. Quasi fuga ratione nam nulla omnis ipsum sit placeat corporis molestias autem."
  },
  {
    "_id": "61d286b42c1587572aacbce1",
    "key": "B01M8J68W0",
    "category": "woman",
    "name": "Unstitched High Quality Block Printed Cotton Salwar Kamiz 3 pic",
    "star": 4,
    "img": "https://static-01.daraz.com.bd/p/d82d64f12e234c1972131de7e5792a7b.jpg",
    "price": 11.99,
    "shipping": 3.99,
    "des": "amet consectetur adipisicing elit. Inventore voluptate ab est odio iure facilis assumenda eos similique, ducimus deserunt fugit totam mollitia, blanditiis id molestias a vero laudantium omnis qui iste. Dolorum voluptates officiis earum rerum minima ex quia temporibus ea officia deleniti velit a voluptatem adipisci debitis ducimus sunt similique error quis, maiores exercitationem. Corrupti amet autem corporis voluptas eveniet, provident ullam debitis facere optio iste nesciunt et perspiciatis eius ipsam tempora non reprehenderit tempore atque unde iure culpa ipsa molestiae voluptate.",
    "des2": "amet consectetur adipisicing elit. Inventore voluptate ab est odio iure facilis assumenda eos similique, ducimus deserunt fugit totam mollitia, blanditiis id molestias a vero laudantium omnis qui iste. Dolorum voluptates officiis earum rerum minima ex quia temporibus ea officia deleniti velit a voluptatem adipisci debitis ducimus sunt similique error quis, maiores exercitationem. Corrupti amet autem corporis voluptas eveniet, provident ullam debitis facere optio iste nesciunt et perspiciatis eius ipsam tempora non reprehenderit tempore atque unde iure culpa ipsa molestiae voluptate. Recusandae consequatur beatae rerum iusto magni, explicabo quo, id dignissimos cum excepturi ipsa eos voluptatum aspernatur. Quasi fuga ratione nam nulla omnis ipsum sit placeat corporis molestias autem."
  },
  {
    "_id": "61d286b42c1587572aacbce2",
    "key": "B072TY6LZL",
    "category": "woman",
    "name": "স্ক্রিন প্রিন্ট- Unstitched Chunri Screen Print Cotton Salwar Kameez for Women (3 pcs)",
    "star": 0,
    "img": "https://static-01.daraz.com.bd/p/1fa01bd3006fe82310d3f5ebdbee4d29.jpg",
    "price": 17.77,
    "shipping": 3.99,
    "des": "amet consectetur adipisicing elit. Inventore voluptate ab est odio iure facilis assumenda eos similique, ducimus deserunt fugit totam mollitia, blanditiis id molestias a vero laudantium omnis qui iste. Dolorum voluptates officiis earum rerum minima ex quia temporibus ea officia deleniti velit a voluptatem adipisci debitis ducimus sunt similique error quis, maiores exercitationem. Corrupti amet autem corporis voluptas eveniet, provident ullam debitis facere optio iste nesciunt et perspiciatis eius ipsam tempora non reprehenderit tempore atque unde iure culpa ipsa molestiae voluptate.",
    "des2": "amet consectetur adipisicing elit. Inventore voluptate ab est odio iure facilis assumenda eos similique, ducimus deserunt fugit totam mollitia, blanditiis id molestias a vero laudantium omnis qui iste. Dolorum voluptates officiis earum rerum minima ex quia temporibus ea officia deleniti velit a voluptatem adipisci debitis ducimus sunt similique error quis, maiores exercitationem. Corrupti amet autem corporis voluptas eveniet, provident ullam debitis facere optio iste nesciunt et perspiciatis eius ipsam tempora non reprehenderit tempore atque unde iure culpa ipsa molestiae voluptate. Recusandae consequatur beatae rerum iusto magni, explicabo quo, id dignissimos cum excepturi ipsa eos voluptatum aspernatur. Quasi fuga ratione nam nulla omnis ipsum sit placeat corporis molestias autem."
  },
  {
    "_id": "61d286b42c1587572aacbce3",
    "key": "B018IZ0SWI",
    "category": "woman",
    "name": "স্ক্রিন প্রিন্ট- Unstitched Chunri Screen Print Cotton Salwar Kameez for Women (3 pcs)",
    "star": 3,
    "img": "https://static-01.daraz.com.bd/p/6ac2f159c78d633d5c9e9f12dea209ff.jpg",
    "price": 59.99,
    "shipping": 3.99,
    "des": "amet consectetur adipisicing elit. Inventore voluptate ab est odio iure facilis assumenda eos similique, ducimus deserunt fugit totam mollitia, blanditiis id molestias a vero laudantium omnis qui iste. Dolorum voluptates officiis earum rerum minima ex quia temporibus ea officia deleniti velit a voluptatem adipisci debitis ducimus sunt similique error quis, maiores exercitationem. Corrupti amet autem corporis voluptas eveniet, provident ullam debitis facere optio iste nesciunt et perspiciatis eius ipsam tempora non reprehenderit tempore atque unde iure culpa ipsa molestiae voluptate.",
    "des2": "amet consectetur adipisicing elit. Inventore voluptate ab est odio iure facilis assumenda eos similique, ducimus deserunt fugit totam mollitia, blanditiis id molestias a vero laudantium omnis qui iste. Dolorum voluptates officiis earum rerum minima ex quia temporibus ea officia deleniti velit a voluptatem adipisci debitis ducimus sunt similique error quis, maiores exercitationem. Corrupti amet autem corporis voluptas eveniet, provident ullam debitis facere optio iste nesciunt et perspiciatis eius ipsam tempora non reprehenderit tempore atque unde iure culpa ipsa molestiae voluptate. Recusandae consequatur beatae rerum iusto magni, explicabo quo, id dignissimos cum excepturi ipsa eos voluptatum aspernatur. Quasi fuga ratione nam nulla omnis ipsum sit placeat corporis molestias autem."
  },
  {
    "_id": "61d286b42c1587572aacbce4",
    "key": "B01N4HS7B8",
    "category": "woman",
    "name": "আফছান স্ক্রিন প্রিন্ট- Unstitched Afsan Screen Print Cotton Salwar Kameez for Women",
    "star": 4,
    "img": "https://static-01.daraz.com.bd/p/mdc/eaa22ded779507b03ce71771eb0e0167.jpg",
    "price": 53.99,
    "shipping": 7.99,
    "des": "amet consectetur adipisicing elit. Inventore voluptate ab est odio iure facilis assumenda eos similique, ducimus deserunt fugit totam mollitia, blanditiis id molestias a vero laudantium omnis qui iste. Dolorum voluptates officiis earum rerum minima ex quia temporibus ea officia deleniti velit a voluptatem adipisci debitis ducimus sunt similique error quis, maiores exercitationem. Corrupti amet autem corporis voluptas eveniet, provident ullam debitis facere optio iste nesciunt et perspiciatis eius ipsam tempora non reprehenderit tempore atque unde iure culpa ipsa molestiae voluptate.",
    "des2": "amet consectetur adipisicing elit. Inventore voluptate ab est odio iure facilis assumenda eos similique, ducimus deserunt fugit totam mollitia, blanditiis id molestias a vero laudantium omnis qui iste. Dolorum voluptates officiis earum rerum minima ex quia temporibus ea officia deleniti velit a voluptatem adipisci debitis ducimus sunt similique error quis, maiores exercitationem. Corrupti amet autem corporis voluptas eveniet, provident ullam debitis facere optio iste nesciunt et perspiciatis eius ipsam tempora non reprehenderit tempore atque unde iure culpa ipsa molestiae voluptate. Recusandae consequatur beatae rerum iusto magni, explicabo quo, id dignissimos cum excepturi ipsa eos voluptatum aspernatur. Quasi fuga ratione nam nulla omnis ipsum sit placeat corporis molestias autem."
  },
  {
    "_id": "61d286b42c1587572aacbce5",
    "key": "B01LX0JZUM",
    "category": "woman",
    "name": "স্ক্রিন প্রিন্ট- Unstitched Chunri Screen Print Cotton Salwar Kameez for Women (3 pcs)",
    "star": 3,
    "img": "https://static-01.daraz.com.bd/p/7c2da501abde352614a25136d9df732a.jpg",
    "price": 11.99,
    "shipping": 3.99,
    "des": "amet consectetur adipisicing elit. Inventore voluptate ab est odio iure facilis assumenda eos similique, ducimus deserunt fugit totam mollitia, blanditiis id molestias a vero laudantium omnis qui iste. Dolorum voluptates officiis earum rerum minima ex quia temporibus ea officia deleniti velit a voluptatem adipisci debitis ducimus sunt similique error quis, maiores exercitationem. Corrupti amet autem corporis voluptas eveniet, provident ullam debitis facere optio iste nesciunt et perspiciatis eius ipsam tempora non reprehenderit tempore atque unde iure culpa ipsa molestiae voluptate.",
    "des2": "amet consectetur adipisicing elit. Inventore voluptate ab est odio iure facilis assumenda eos similique, ducimus deserunt fugit totam mollitia, blanditiis id molestias a vero laudantium omnis qui iste. Dolorum voluptates officiis earum rerum minima ex quia temporibus ea officia deleniti velit a voluptatem adipisci debitis ducimus sunt similique error quis, maiores exercitationem. Corrupti amet autem corporis voluptas eveniet, provident ullam debitis facere optio iste nesciunt et perspiciatis eius ipsam tempora non reprehenderit tempore atque unde iure culpa ipsa molestiae voluptate. Recusandae consequatur beatae rerum iusto magni, explicabo quo, id dignissimos cum excepturi ipsa eos voluptatum aspernatur. Quasi fuga ratione nam nulla omnis ipsum sit placeat corporis molestias autem."
  },
  {
    "_id": "61d286b42c1587572aacbce6",
    "key": "B072NYXDLY",
    "category": "woman",
    "name": "Top Kurti Skirt Bottom Cloth Traditional Look Kurti Shalwar( screen print )",
    "star": 5,
    "img": "https://static-01.daraz.com.bd/p/2fc42e99845df47e215e028de43a9ec1.jpg",
    "price": 68.99,
    "shipping": 3.99,
    "des": "amet consectetur adipisicing elit. Inventore voluptate ab est odio iure facilis assumenda eos similique, ducimus deserunt fugit totam mollitia, blanditiis id molestias a vero laudantium omnis qui iste. Dolorum voluptates officiis earum rerum minima ex quia temporibus ea officia deleniti velit a voluptatem adipisci debitis ducimus sunt similique error quis, maiores exercitationem. Corrupti amet autem corporis voluptas eveniet, provident ullam debitis facere optio iste nesciunt et perspiciatis eius ipsam tempora non reprehenderit tempore atque unde iure culpa ipsa molestiae voluptate.",
    "des2": "amet consectetur adipisicing elit. Inventore voluptate ab est odio iure facilis assumenda eos similique, ducimus deserunt fugit totam mollitia, blanditiis id molestias a vero laudantium omnis qui iste. Dolorum voluptates officiis earum rerum minima ex quia temporibus ea officia deleniti velit a voluptatem adipisci debitis ducimus sunt similique error quis, maiores exercitationem. Corrupti amet autem corporis voluptas eveniet, provident ullam debitis facere optio iste nesciunt et perspiciatis eius ipsam tempora non reprehenderit tempore atque unde iure culpa ipsa molestiae voluptate. Recusandae consequatur beatae rerum iusto magni, explicabo quo, id dignissimos cum excepturi ipsa eos voluptatum aspernatur. Quasi fuga ratione nam nulla omnis ipsum sit placeat corporis molestias autem."
  },
  {
    "_id": "61d286b42c1587572aacbce7",
    "key": "B071RK857H",
    "category": "woman",
    "name": "স্ক্রিন প্রিন্ট- Unstitched Screen Print Cotton Salwar Kameez for Women (3 pcs)",
    "star": 5,
    "img": "https://static-01.daraz.com.bd/p/f0e56efbb8da415658b911cd42c1b1e7.jpg",
    "price": 65.99,
    "shipping": 7.99,
    "des": "amet consectetur adipisicing elit. Inventore voluptate ab est odio iure facilis assumenda eos similique, ducimus deserunt fugit totam mollitia, blanditiis id molestias a vero laudantium omnis qui iste. Dolorum voluptates officiis earum rerum minima ex quia temporibus ea officia deleniti velit a voluptatem adipisci debitis ducimus sunt similique error quis, maiores exercitationem. Corrupti amet autem corporis voluptas eveniet, provident ullam debitis facere optio iste nesciunt et perspiciatis eius ipsam tempora non reprehenderit tempore atque unde iure culpa ipsa molestiae voluptate.",
    "des2": "amet consectetur adipisicing elit. Inventore voluptate ab est odio iure facilis assumenda eos similique, ducimus deserunt fugit totam mollitia, blanditiis id molestias a vero laudantium omnis qui iste. Dolorum voluptates officiis earum rerum minima ex quia temporibus ea officia deleniti velit a voluptatem adipisci debitis ducimus sunt similique error quis, maiores exercitationem. Corrupti amet autem corporis voluptas eveniet, provident ullam debitis facere optio iste nesciunt et perspiciatis eius ipsam tempora non reprehenderit tempore atque unde iure culpa ipsa molestiae voluptate. Recusandae consequatur beatae rerum iusto magni, explicabo quo, id dignissimos cum excepturi ipsa eos voluptatum aspernatur. Quasi fuga ratione nam nulla omnis ipsum sit placeat corporis molestias autem."
  },
  {
    "_id": "61d286b42c1587572aacbce8",
    "key": "B06XWMQRS6",
    "category": "woman",
    "name": "3..Deshi Boutiques Unstitched Afsan Screen Print Cotton Salwar Kameez for Women",
    "star": 4,
    "img": "https://static-01.daraz.com.bd/p/322ed2e80cfc04f01003b5c32aa52f3c.jpg",
    "price": 49.99,
    "shipping": 3.99,
    "des": "amet consectetur adipisicing elit. Inventore voluptate ab est odio iure facilis assumenda eos similique, ducimus deserunt fugit totam mollitia, blanditiis id molestias a vero laudantium omnis qui iste. Dolorum voluptates officiis earum rerum minima ex quia temporibus ea officia deleniti velit a voluptatem adipisci debitis ducimus sunt similique error quis, maiores exercitationem. Corrupti amet autem corporis voluptas eveniet, provident ullam debitis facere optio iste nesciunt et perspiciatis eius ipsam tempora non reprehenderit tempore atque unde iure culpa ipsa molestiae voluptate.",
    "des2": "amet consectetur adipisicing elit. Inventore voluptate ab est odio iure facilis assumenda eos similique, ducimus deserunt fugit totam mollitia, blanditiis id molestias a vero laudantium omnis qui iste. Dolorum voluptates officiis earum rerum minima ex quia temporibus ea officia deleniti velit a voluptatem adipisci debitis ducimus sunt similique error quis, maiores exercitationem. Corrupti amet autem corporis voluptas eveniet, provident ullam debitis facere optio iste nesciunt et perspiciatis eius ipsam tempora non reprehenderit tempore atque unde iure culpa ipsa molestiae voluptate. Recusandae consequatur beatae rerum iusto magni, explicabo quo, id dignissimos cum excepturi ipsa eos voluptatum aspernatur. Quasi fuga ratione nam nulla omnis ipsum sit placeat corporis molestias autem."
  },
  {
    "_id": "61d286b42c1587572aacbce9",
    "key": "B01N41AKT3",
    "category": "woman",
    "name": "স্ক্রিন প্রিন্ট- Unstitched Screen Print Cotton Salwar Kameez for Women (3 pcs)",
    "star": 3,
    "img": "https://static-01.daraz.com.bd/p/ab3ac9bbade6854c6b23427768313a7e.jpg",
    "price": 25.99,
    "shipping": 3.99,
    "des": "amet consectetur adipisicing elit. Inventore voluptate ab est odio iure facilis assumenda eos similique, ducimus deserunt fugit totam mollitia, blanditiis id molestias a vero laudantium omnis qui iste. Dolorum voluptates officiis earum rerum minima ex quia temporibus ea officia deleniti velit a voluptatem adipisci debitis ducimus sunt similique error quis, maiores exercitationem. Corrupti amet autem corporis voluptas eveniet, provident ullam debitis facere optio iste nesciunt et perspiciatis eius ipsam tempora non reprehenderit tempore atque unde iure culpa ipsa molestiae voluptate.",
    "des2": "amet consectetur adipisicing elit. Inventore voluptate ab est odio iure facilis assumenda eos similique, ducimus deserunt fugit totam mollitia, blanditiis id molestias a vero laudantium omnis qui iste. Dolorum voluptates officiis earum rerum minima ex quia temporibus ea officia deleniti velit a voluptatem adipisci debitis ducimus sunt similique error quis, maiores exercitationem. Corrupti amet autem corporis voluptas eveniet, provident ullam debitis facere optio iste nesciunt et perspiciatis eius ipsam tempora non reprehenderit tempore atque unde iure culpa ipsa molestiae voluptate. Recusandae consequatur beatae rerum iusto magni, explicabo quo, id dignissimos cum excepturi ipsa eos voluptatum aspernatur. Quasi fuga ratione nam nulla omnis ipsum sit placeat corporis molestias autem."
  },
  {
    "_id": "61d286b42c1587572aacbcea",
    "key": "B01MRWZ4KL",
    "category": "woman",
    "name": "Unstitched Cotton Screen Printed Salwar Kameez Dress for Women",
    "star": 4,
    "img": "https://static-01.daraz.com.bd/p/44e550139890bdf0cc680d2d44f6e3bb.jpg",
    "price": 45.99,
    "shipping": 7.99,
    "des": "amet consectetur adipisicing elit. Inventore voluptate ab est odio iure facilis assumenda eos similique, ducimus deserunt fugit totam mollitia, blanditiis id molestias a vero laudantium omnis qui iste. Dolorum voluptates officiis earum rerum minima ex quia temporibus ea officia deleniti velit a voluptatem adipisci debitis ducimus sunt similique error quis, maiores exercitationem. Corrupti amet autem corporis voluptas eveniet, provident ullam debitis facere optio iste nesciunt et perspiciatis eius ipsam tempora non reprehenderit tempore atque unde iure culpa ipsa molestiae voluptate.",
    "des2": "amet consectetur adipisicing elit. Inventore voluptate ab est odio iure facilis assumenda eos similique, ducimus deserunt fugit totam mollitia, blanditiis id molestias a vero laudantium omnis qui iste. Dolorum voluptates officiis earum rerum minima ex quia temporibus ea officia deleniti velit a voluptatem adipisci debitis ducimus sunt similique error quis, maiores exercitationem. Corrupti amet autem corporis voluptas eveniet, provident ullam debitis facere optio iste nesciunt et perspiciatis eius ipsam tempora non reprehenderit tempore atque unde iure culpa ipsa molestiae voluptate. Recusandae consequatur beatae rerum iusto magni, explicabo quo, id dignissimos cum excepturi ipsa eos voluptatum aspernatur. Quasi fuga ratione nam nulla omnis ipsum sit placeat corporis molestias autem."
  },
  {
    "_id": "61d286b42c1587572aacbceb",
    "key": "B006J0SVWE",
    "category": "woman",
    "name": "New Unstitched Cotton Screen Printed Salwar Kameez for Women",
    "star": 2,
    "img": "https://static-01.daraz.com.bd/p/ae3e8c3e82c7203d2ed164935d26cbb1.jpg",
    "price": 25.99,
    "shipping": 7.99,
    "des": "amet consectetur adipisicing elit. Inventore voluptate ab est odio iure facilis assumenda eos similique, ducimus deserunt fugit totam mollitia, blanditiis id molestias a vero laudantium omnis qui iste. Dolorum voluptates officiis earum rerum minima ex quia temporibus ea officia deleniti velit a voluptatem adipisci debitis ducimus sunt similique error quis, maiores exercitationem. Corrupti amet autem corporis voluptas eveniet, provident ullam debitis facere optio iste nesciunt et perspiciatis eius ipsam tempora non reprehenderit tempore atque unde iure culpa ipsa molestiae voluptate.",
    "des2": "amet consectetur adipisicing elit. Inventore voluptate ab est odio iure facilis assumenda eos similique, ducimus deserunt fugit totam mollitia, blanditiis id molestias a vero laudantium omnis qui iste. Dolorum voluptates officiis earum rerum minima ex quia temporibus ea officia deleniti velit a voluptatem adipisci debitis ducimus sunt similique error quis, maiores exercitationem. Corrupti amet autem corporis voluptas eveniet, provident ullam debitis facere optio iste nesciunt et perspiciatis eius ipsam tempora non reprehenderit tempore atque unde iure culpa ipsa molestiae voluptate. Recusandae consequatur beatae rerum iusto magni, explicabo quo, id dignissimos cum excepturi ipsa eos voluptatum aspernatur. Quasi fuga ratione nam nulla omnis ipsum sit placeat corporis molestias autem."
  },
  {
    "_id": "61d315d92c1587572a205871",
    "key": "B002RL8IYK",
    "category": "Man",
    "name": "Elegance-Stoner- Premium Half Sleeve T-shirt for man",
    "star": 3,
    "img": "https://static-01.daraz.com.bd/p/58c95f541a7af972f2355d667a125036.jpg",
    "price": 68.36,
    "shipping": 7.99,
    "des": "amet consectetur adipisicing elit. Inventore voluptate ab est odio iure facilis assumenda eos similique, ducimus deserunt fugit totam mollitia, blanditiis id molestias a vero laudantium omnis qui iste. Dolorum voluptates officiis earum rerum minima ex quia temporibus ea officia deleniti velit a voluptatem adipisci debitis ducimus sunt similique error quis, maiores exercitationem. Corrupti amet autem corporis voluptas eveniet, provident ullam debitis facere optio iste nesciunt et perspiciatis eius ipsam tempora non reprehenderit tempore atque unde iure culpa ipsa molestiae voluptate.",
    "des2": "amet consectetur adipisicing elit. Inventore voluptate ab est odio iure facilis assumenda eos similique, ducimus deserunt fugit totam mollitia, blanditiis id molestias a vero laudantium omnis qui iste. Dolorum voluptates officiis earum rerum minima ex quia temporibus ea officia deleniti velit a voluptatem adipisci debitis ducimus sunt similique error quis, maiores exercitationem. Corrupti amet autem corporis voluptas eveniet, provident ullam debitis facere optio iste nesciunt et perspiciatis eius ipsam tempora non reprehenderit tempore atque unde iure culpa ipsa molestiae voluptate. Recusandae consequatur beatae rerum iusto magni, explicabo quo, id dignissimos cum excepturi ipsa eos voluptatum aspernatur. Quasi fuga ratione nam nulla omnis ipsum sit placeat corporis molestias autem."
  },
  {
    "_id": "61d315d92c1587572a205872",
    "key": "B01LZ2WZGH",
    "category": "Man",
    "name": "Elegance-Legends Never Die- Premium Half Sleeve T-shirt for man",
    "star": 2,
    "img": "https://static-01.daraz.com.bd/p/9422d7ea0c789a9fd299617f40dd4f1f.jpg",
    "price": 169.88,
    "shipping": 3.99,
    "des": "amet consectetur adipisicing elit. Inventore voluptate ab est odio iure facilis assumenda eos similique, ducimus deserunt fugit totam mollitia, blanditiis id molestias a vero laudantium omnis qui iste. Dolorum voluptates officiis earum rerum minima ex quia temporibus ea officia deleniti velit a voluptatem adipisci debitis ducimus sunt similique error quis, maiores exercitationem. Corrupti amet autem corporis voluptas eveniet, provident ullam debitis facere optio iste nesciunt et perspiciatis eius ipsam tempora non reprehenderit tempore atque unde iure culpa ipsa molestiae voluptate.",
    "des2": "amet consectetur adipisicing elit. Inventore voluptate ab est odio iure facilis assumenda eos similique, ducimus deserunt fugit totam mollitia, blanditiis id molestias a vero laudantium omnis qui iste. Dolorum voluptates officiis earum rerum minima ex quia temporibus ea officia deleniti velit a voluptatem adipisci debitis ducimus sunt similique error quis, maiores exercitationem. Corrupti amet autem corporis voluptas eveniet, provident ullam debitis facere optio iste nesciunt et perspiciatis eius ipsam tempora non reprehenderit tempore atque unde iure culpa ipsa molestiae voluptate. Recusandae consequatur beatae rerum iusto magni, explicabo quo, id dignissimos cum excepturi ipsa eos voluptatum aspernatur. Quasi fuga ratione nam nulla omnis ipsum sit placeat corporis molestias autem."
  },
  {
    "_id": "61d315d92c1587572a205873",
    "key": "B01K1IO3QW",
    "category": "Man",
    "name": "Standard Size Man Fashion Short Sleeve T Shirt Men Fitness Summer High Quality Tshirt Top Tees New Brand Clothes",
    "star": 3,
    "img": "https://static-01.daraz.com.bd/p/1068d42dfcdbd3372efcdea0331b7835.jpg",
    "price": 349.99,
    "shipping": 3.99,
    "des": "amet consectetur adipisicing elit. Inventore voluptate ab est odio iure facilis assumenda eos similique, ducimus deserunt fugit totam mollitia, blanditiis id molestias a vero laudantium omnis qui iste. Dolorum voluptates officiis earum rerum minima ex quia temporibus ea officia deleniti velit a voluptatem adipisci debitis ducimus sunt similique error quis, maiores exercitationem. Corrupti amet autem corporis voluptas eveniet, provident ullam debitis facere optio iste nesciunt et perspiciatis eius ipsam tempora non reprehenderit tempore atque unde iure culpa ipsa molestiae voluptate.",
    "des2": "amet consectetur adipisicing elit. Inventore voluptate ab est odio iure facilis assumenda eos similique, ducimus deserunt fugit totam mollitia, blanditiis id molestias a vero laudantium omnis qui iste. Dolorum voluptates officiis earum rerum minima ex quia temporibus ea officia deleniti velit a voluptatem adipisci debitis ducimus sunt similique error quis, maiores exercitationem. Corrupti amet autem corporis voluptas eveniet, provident ullam debitis facere optio iste nesciunt et perspiciatis eius ipsam tempora non reprehenderit tempore atque unde iure culpa ipsa molestiae voluptate. Recusandae consequatur beatae rerum iusto magni, explicabo quo, id dignissimos cum excepturi ipsa eos voluptatum aspernatur. Quasi fuga ratione nam nulla omnis ipsum sit placeat corporis molestias autem."
  },
  {
    "_id": "61d315d92c1587572a205874",
    "key": "B01LD4MGY4",
    "category": "man",
    "name": "Exclusive Unstitched Uncommon Screen Printed Cotton Salwar Kameez",
    "star": 4,
    "img": "https://static-01.daraz.com.bd/p/mdc/6931c2f1cb3ca5eb14cc3390e35a2bf6.jpg",
    "price": 579.99,
    "shipping": 7.99,
    "des": "amet consectetur adipisicing elit. Inventore voluptate ab est odio iure facilis assumenda eos similique, ducimus deserunt fugit totam mollitia, blanditiis id molestias a vero laudantium omnis qui iste. Dolorum voluptates officiis earum rerum minima ex quia temporibus ea officia deleniti velit a voluptatem adipisci debitis ducimus sunt similique error quis, maiores exercitationem. Corrupti amet autem corporis voluptas eveniet, provident ullam debitis facere optio iste nesciunt et perspiciatis eius ipsam tempora non reprehenderit tempore atque unde iure culpa ipsa molestiae voluptate.",
    "des2": "amet consectetur adipisicing elit. Inventore voluptate ab est odio iure facilis assumenda eos similique, ducimus deserunt fugit totam mollitia, blanditiis id molestias a vero laudantium omnis qui iste. Dolorum voluptates officiis earum rerum minima ex quia temporibus ea officia deleniti velit a voluptatem adipisci debitis ducimus sunt similique error quis, maiores exercitationem. Corrupti amet autem corporis voluptas eveniet, provident ullam debitis facere optio iste nesciunt et perspiciatis eius ipsam tempora non reprehenderit tempore atque unde iure culpa ipsa molestiae voluptate. Recusandae consequatur beatae rerum iusto magni, explicabo quo, id dignissimos cum excepturi ipsa eos voluptatum aspernatur. Quasi fuga ratione nam nulla omnis ipsum sit placeat corporis molestias autem."
  },
  {
    "_id": "61d315d92c1587572a205875",
    "key": "B01M18UZF5",
    "category": "man",
    "name": "Elegance-Mindset is everything- Premium Half Sleeve T-shirt for man",
    "stock": 23,
    "star": 4.5,
    "img": "https://static-01.daraz.com.bd/p/e221f01a9b670b647a9e5bf7bc52de74.jpg",
    "price": 699,
    "shipping": 3.99,
    "des": "amet consectetur adipisicing elit. Inventore voluptate ab est odio iure facilis assumenda eos similique, ducimus deserunt fugit totam mollitia, blanditiis id molestias a vero laudantium omnis qui iste. Dolorum voluptates officiis earum rerum minima ex quia temporibus ea officia deleniti velit a voluptatem adipisci debitis ducimus sunt similique error quis, maiores exercitationem. Corrupti amet autem corporis voluptas eveniet, provident ullam debitis facere optio iste nesciunt et perspiciatis eius ipsam tempora non reprehenderit tempore atque unde iure culpa ipsa molestiae voluptate.",
    "des2": "amet consectetur adipisicing elit. Inventore voluptate ab est odio iure facilis assumenda eos similique, ducimus deserunt fugit totam mollitia, blanditiis id molestias a vero laudantium omnis qui iste. Dolorum voluptates officiis earum rerum minima ex quia temporibus ea officia deleniti velit a voluptatem adipisci debitis ducimus sunt similique error quis, maiores exercitationem. Corrupti amet autem corporis voluptas eveniet, provident ullam debitis facere optio iste nesciunt et perspiciatis eius ipsam tempora non reprehenderit tempore atque unde iure culpa ipsa molestiae voluptate. Recusandae consequatur beatae rerum iusto magni, explicabo quo, id dignissimos cum excepturi ipsa eos voluptatum aspernatur. Quasi fuga ratione nam nulla omnis ipsum sit placeat corporis molestias autem."
  }
]
